{
  "stage0_small": 0.874129593372345,
  "stage1_small": 0.874129593372345,
  "stage2_small": 0.874129593372345,
  "stage3_small": 0.874129593372345,
  "stage5_fp32_small": 0.874129593372345,
  "stage4a_small": 0.8745858073234558,
  "stage4b_small": 0.8735992908477783,
  "stage0_medium": 0.9045392274856567,
  "stage1_medium": 0.9045392274856567,
  "stage2_medium": 0.9045392274856567,
  "stage3_medium": 0.9045392274856567,
  "stage5_fp32_medium": 0.9045392274856567,
  "stage4a_medium": 0.9059135913848877,
  "stage4b_medium": 0.904931366443634
}