{
  "seed": 42,
  "dataset": "ETTh1",
  "csv_sha256": "f18de3ad269cef59bb07b5438d79bb3042d3be49bdeecf01c1cd6d29695ee066",
  "features": [
    "HUFL",
    "HULL",
    "MUFL",
    "MULL",
    "LUFL",
    "LULL",
    "OT"
  ],
  "n_vars": 7,
  "seq_len": 96,
  "horizon": 96,
  "split_indices": {
    "train": [
      0,
      8640
    ],
    "val": [
      8640,
      11520
    ],
    "test": [
      11520,
      14400
    ]
  },
  "n_samples": {
    "train": 8449,
    "val": 2689,
    "test": 2689
  },
  "normalization": {
    "method": "z-score, fit on train only",
    "mean": [
      7.937742233276367,
      2.02103853225708,
      5.079770565032959,
      0.746185839176178,
      2.7817623615264893,
      0.7884531021118164,
      17.12826156616211
    ],
    "std": [
      5.812748908996582,
      2.090104579925537,
      5.51879358291626,
      1.9263792037963867,
      1.0235226154327393,
      0.6302366852760315,
      9.176490783691406
    ]
  }
}